airline_id,airline,avail_seat_km_per_week,incidents_85_99,fatal_accidents_85_99,fatalities_85_99,incidents_00_14,fatal_accidents_00_14,fatalities_00_14
1,Aer Lingus,320906734,2,0,0,0,0,0
2,Aeroflot*,1197672318,76,14,128,6,1,88
3,Aerolineas Argentinas,385803648,6,0,0,1,0,0
4,Aeromexico*,596871813,3,1,64,5,0,0
5,Air Canada,1865253802,2,0,0,2,0,0
6,Air France,3004002661,14,4,79,6,2,337
7,Air India*,869253552,2,1,329,4,1,158
8,Air New Zealand*,710174817,3,0,0,5,1,7
9,Alaska Airlines*,965346773,5,0,0,5,1,88
10,Alitalia,698012498,7,2,50,4,0,0
11,All Nippon Airways,1841234177,3,1,1,7,0,0
12,American*,5228357340,21,5,101,17,3,416
13,Austrian Airlines,358239823,1,0,0,1,0,0
14,Avianca,396922563,5,3,323,0,0,0
15,British Airways*,3179760952,4,0,0,6,0,0
16,Cathay Pacific*,2582459303,0,0,0,2,0,0
17,China Airlines,813216487,12,6,535,2,1,225
18,Condor,417982610,2,1,16,0,0,0
19,COPA,550491507,3,1,47,0,0,0
20,Delta / Northwest*,6525658894,24,12,407,24,2,51
21,Egyptair,557699891,8,3,282,4,1,14
22,El Al,335448023,1,1,4,1,0,0
23,Ethiopian Airlines,488560643,25,5,167,5,2,92
24,Finnair,506464950,1,0,0,0,0,0
25,Garuda Indonesia,613356665,10,3,260,4,2,22
26,Gulf Air,301379762,1,0,0,3,1,143
27,Hawaiian Airlines,493877795,0,0,0,1,0,0
28,Iberia,1173203126,4,1,148,5,0,0
29,Japan Airlines,1574217531,3,1,520,0,0,0
30,Kenya Airways,277414794,2,0,0,2,2,283
31,KLM*,1874561773,7,1,3,1,0,0
32,Korean Air,1734522605,12,5,425,1,0,0
33,LAN Airlines,1001965891,3,2,21,0,0,0
34,Lufthansa*,3426529504,6,1,2,3,0,0
35,Malaysia Airlines,1039171244,3,1,34,3,2,537
36,Pakistan International,348563137,8,3,234,10,2,46
37,Philippine Airlines,413007158,7,4,74,2,1,1
38,Qantas*,1917428984,1,0,0,5,0,0
39,Royal Air Maroc,295705339,5,3,51,3,0,0
40,SAS*,682971852,5,0,0,6,1,110
41,Saudi Arabian,859673901,7,2,313,11,0,0
42,Singapore Airlines,2376857805,2,2,6,2,1,83
43,South African,651502442,2,1,159,1,0,0
44,Southwest Airlines,3276525770,1,0,0,8,0,0
45,Sri Lankan / AirLanka,325582976,2,1,14,4,0,0
46,SWISS*,792601299,2,1,229,3,0,0
47,TACA,259373346,3,1,3,1,1,3
48,TAM,1509195646,8,3,98,7,2,188
49,TAP - Air Portugal,619130754,0,0,0,0,0,0
50,Thai Airways,1702802250,8,4,308,2,1,1
51,Turkish Airlines,1946098294,8,3,64,8,2,84
52,United / Continental*,7139291291,19,8,319,14,2,109
53,US Airways / America West*,2455687887,16,7,224,11,2,23
54,Vietna57m Airlines,625084918,7,3,171,1,0,0
55,Virgin Atlantic,1005248585,1,0,0,0,0,0
56,Xiamen Airlines,430462962,9,1,82,2,0,0
57,Aer Lingus,320906734,2,1,1,1,1,1
58,Aeroflot*,1197672318,76,14,128,6,1,88
59,Aerolineas Argentinas,385803648,6,0,0,1,0,0
60,Aeromexico*,596871813,3,1,64,5,0,0
61,Air Canada,1865253802,2,0,0,2,0,0
62,Air France,3004002661,14,4,79,6,2,337
63,Air India*,869253552,2,1,329,4,1,158
64,Air New Zealand*,710174817,3,0,0,5,1,7
65,Alaska Airlines*,965346773,5,0,0,5,1,88
66,Alitalia,698012498,7,2,50,4,0,0
67,All Nippon Airways,1841234177,3,1,1,7,0,0
68,American*,5228357340,21,5,101,17,3,416
69,Austrian Airlines,358239823,1,0,0,1,0,0
70,Avianca,396922563,5,3,323,0,0,0
71,British Airways*,3179760952,4,0,0,6,0,0
72,Cathay Pacific*,2582459303,0,0,0,2,0,0
73,China Airlines,813216487,12,6,535,2,1,225
74,Condor,417982610,2,1,16,0,0,0
75,COPA,550491507,3,1,47,0,0,0
76,Delta / Northwest*,6525658894,24,12,407,24,2,51
77,Egyptair,557699891,8,3,282,4,1,14
78,El Al,335448023,1,1,4,1,0,0
79,Ethiopian Airlines,488560643,25,5,167,5,2,92
80,Finnair,506464950,1,0,0,0,0,0
81,Garuda Indonesia,613356665,10,3,260,4,2,22
82,Gulf Air,301379762,1,0,0,3,1,143
83,Hawaiian Airlines,493877795,0,0,0,1,0,0
84,Iberia,1173203126,4,1,148,5,0,0
85,Japan Airlines,1574217531,3,1,520,0,0,0
86,Kenya Airways,277414794,2,0,0,2,2,283
87,KLM*,1874561773,7,1,3,1,0,0
88,Korean Air,1734522605,12,5,425,1,0,0
89,LAN Airlines,1001965891,3,2,21,0,0,0
90,Lufthansa*,3426529504,6,1,2,3,0,0
91,Malaysia Airlines,1039171244,3,1,34,3,2,537
92,Pakistan International,348563137,8,3,234,10,2,46
93,Philippine Airlines,413007158,7,4,74,2,1,1
94,Qantas*,1917428984,1,0,0,5,0,0
95,Royal Air Maroc,295705339,5,3,51,3,0,0
96,SAS*,682971852,5,0,0,6,1,110
97,Saudi Arabian,859673901,7,2,313,11,0,0
98,Singapore Airlines,2376857805,2,2,6,2,1,83
99,South African,651502442,2,1,159,1,0,0
100,Southwest Airlines,3276525770,1,0,0,8,0,0
101,Sri Lankan / AirLanka,325582976,2,1,14,4,0,0
102,SWISS*,792601299,2,1,229,3,0,0
103,TACA,259373346,3,1,3,1,1,3
104,TAM,1509195646,8,3,98,7,2,188
105,TAP - Air Portugal,619130754,0,0,0,0,0,0
106,Thai Airways,1702802250,8,4,308,2,1,1
107,Turkish Airlines,1946098294,8,3,64,8,2,84
108,United / Continental*,7139291291,19,8,319,14,2,109
109,US Airways / America West*,2455687887,16,7,224,11,2,23
110,Vietna57m Airlines,625084918,7,3,171,1,0,0
111,Virgin Atlantic,1005248585,1,0,0,0,0,0
112,Xiamen Airlines,430462962,9,1,82,2,0,0
113,Aer Lingus,320906734,2,1,1,1,1,1
114,Aeroflot*,1197672318,76,14,128,6,1,88
115,Aerolineas Argentinas,385803648,6,0,0,1,0,0
116,Aeromexico*,596871813,3,1,64,5,0,0
117,Air Canada,1865253802,2,0,0,2,0,0
118,Air France,3004002661,14,4,79,6,2,337
119,Air India*,869253552,2,1,329,4,1,158
120,Air New Zealand*,710174817,3,0,0,5,1,7
121,Alaska Airlines*,965346773,5,0,0,5,1,88
122,Alitalia,698012498,7,2,50,4,0,0
123,All Nippon Airways,1841234177,3,1,1,7,0,0
124,American*,5228357340,21,5,101,17,3,416
125,Austrian Airlines,358239823,1,0,0,1,0,0
126,Avianca,396922563,5,3,323,0,0,0
127,British Airways*,3179760952,4,0,0,6,0,0
128,Cathay Pacific*,2582459303,0,0,0,2,0,0
129,China Airlines,813216487,12,6,535,2,1,225
130,Condor,417982610,2,1,16,0,0,0
131,COPA,550491507,3,1,47,0,0,0
132,Delta / Northwest*,6525658894,24,12,407,24,2,51
133,Egyptair,557699891,8,3,282,4,1,14
134,El Al,335448023,1,1,4,1,0,0
135,Ethiopian Airlines,488560643,25,5,167,5,2,92
136,Finnair,506464950,1,0,0,0,0,0
137,Garuda Indonesia,613356665,10,3,260,4,2,22
138,Gulf Air,301379762,1,0,0,3,1,143
139,Hawaiian Airlines,493877795,0,0,0,1,0,0
140,Iberia,1173203126,4,1,148,5,0,0
141,Japan Airlines,1574217531,3,1,520,0,0,0
142,Kenya Airways,277414794,2,0,0,2,2,283
143,KLM*,1874561773,7,1,3,1,0,0
144,Korean Air,1734522605,12,5,425,1,0,0
145,LAN Airlines,1001965891,3,2,21,0,0,0
146,Lufthansa*,3426529504,6,1,2,3,0,0
147,Malaysia Airlines,1039171244,3,1,34,3,2,537
148,Pakistan International,348563137,8,3,234,10,2,46
149,Philippine Airlines,413007158,7,4,74,2,1,1
150,Qantas*,1917428984,1,0,0,5,0,0
151,Royal Air Maroc,295705339,5,3,51,3,0,0
152,SAS*,682971852,5,0,0,6,1,110
153,Saudi Arabian,859673901,7,2,313,11,0,0
154,Singapore Airlines,2376857805,2,2,6,2,1,83
155,South African,651502442,2,1,159,1,0,0
156,Southwest Airlines,3276525770,1,0,0,8,0,0
157,Sri Lankan / AirLanka,325582976,2,1,14,4,0,0
158,SWISS*,792601299,2,1,229,3,0,0
159,TACA,259373346,3,1,3,1,1,3
160,TAM,1509195646,8,3,98,7,2,188
161,TAP - Air Portugal,619130754,0,0,0,0,0,0
162,Thai Airways,1702802250,8,4,308,2,1,1
163,Turkish Airlines,1946098294,8,3,64,8,2,84
164,United / Continental*,7139291291,19,8,319,14,2,109
165,US Airways / America West*,2455687887,16,7,224,11,2,23
166,Vietna57m Airlines,625084918,7,3,171,1,0,0
167,Virgin Atlantic,1005248585,1,0,0,0,0,0
168,Xiamen Airlines,430462962,9,1,82,2,0,0
169,Aer Lingus,320906734,2,1,1,1,1,1
170,Aeroflot*,1197672318,76,14,128,6,1,88
171,Aerolineas Argentinas,385803648,6,0,0,1,0,0
172,Aeromexico*,596871813,3,1,64,5,0,0
173,Air Canada,1865253802,2,0,0,2,0,0
174,Air France,3004002661,14,4,79,6,2,337
175,Air India*,869253552,2,1,329,4,1,158
176,Air New Zealand*,710174817,3,0,0,5,1,7
177,Alaska Airlines*,965346773,5,0,0,5,1,88
178,Alitalia,698012498,7,2,50,4,0,0
179,All Nippon Airways,1841234177,3,1,1,7,0,0
180,American*,5228357340,21,5,101,17,3,416
181,Austrian Airlines,358239823,1,0,0,1,0,0
182,Avianca,396922563,5,3,323,0,0,0
183,British Airways*,3179760952,4,0,0,6,0,0
184,Cathay Pacific*,2582459303,0,0,0,2,0,0
185,China Airlines,813216487,12,6,535,2,1,225
186,Condor,417982610,2,1,16,0,0,0
187,COPA,550491507,3,1,47,0,0,0
188,Delta / Northwest*,6525658894,24,12,407,24,2,51
189,Egyptair,557699891,8,3,282,4,1,14
190,El Al,335448023,1,1,4,1,0,0
191,Ethiopian Airlines,488560643,25,5,167,5,2,92
192,Finnair,506464950,1,0,0,0,0,0
193,Garuda Indonesia,613356665,10,3,260,4,2,22
194,Gulf Air,301379762,1,0,0,3,1,143
195,Hawaiian Airlines,493877795,0,0,0,1,0,0
196,Iberia,1173203126,4,1,148,5,0,0
197,Japan Airlines,1574217531,3,1,520,0,0,0
198,Kenya Airways,277414794,2,0,0,2,2,283
199,KLM*,1874561773,7,1,3,1,0,0
200,Korean Air,1734522605,12,5,425,1,0,0
201,LAN Airlines,1001965891,3,2,21,0,0,0
202,Lufthansa*,3426529504,6,1,2,3,0,0
203,Malaysia Airlines,1039171244,3,1,34,3,2,537
204,Pakistan International,348563137,8,3,234,10,2,46
205,Philippine Airlines,413007158,7,4,74,2,1,1
206,Qantas*,1917428984,1,0,0,5,0,0
207,Royal Air Maroc,295705339,5,3,51,3,0,0
208,SAS*,682971852,5,0,0,6,1,110
209,Saudi Arabian,859673901,7,2,313,11,0,0
210,Singapore Airlines,2376857805,2,2,6,2,1,83
211,South African,651502442,2,1,159,1,0,0
212,Southwest Airlines,3276525770,1,0,0,8,0,0
213,Sri Lankan / AirLanka,325582976,2,1,14,4,0,0
214,SWISS*,792601299,2,1,229,3,0,0
215,TACA,259373346,3,1,3,1,1,3
216,TAM,1509195646,8,3,98,7,2,188
217,TAP - Air Portugal,619130754,0,0,0,0,0,0
218,Thai Airways,1702802250,8,4,308,2,1,1
219,Turkish Airlines,1946098294,8,3,64,8,2,84
220,United / Continental*,7139291291,19,8,319,14,2,109
221,US Airways / America West*,2455687887,16,7,224,11,2,23
222,Vietna57m Airlines,625084918,7,3,171,1,0,0
223,Virgin Atlantic,1005248585,1,0,0,0,0,0
224,Xiamen Airlines,430462962,9,1,82,2,0,0
225,Aer Lingus,320906734,2,1,1,1,1,1
226,Aeroflot*,1197672318,76,14,128,6,1,88
227,Aerolineas Argentinas,385803648,6,0,0,1,0,0
228,Aeromexico*,596871813,3,1,64,5,0,0
229,Air Canada,1865253802,2,0,0,2,0,0
230,Air France,3004002661,14,4,79,6,2,337
231,Air India*,869253552,2,1,329,4,1,158
232,Air New Zealand*,710174817,3,0,0,5,1,7
233,Alaska Airlines*,965346773,5,0,0,5,1,88
234,Alitalia,698012498,7,2,50,4,0,0
235,All Nippon Airways,1841234177,3,1,1,7,0,0
236,American*,5228357340,21,5,101,17,3,416
237,Austrian Airlines,358239823,1,0,0,1,0,0
238,Avianca,396922563,5,3,323,0,0,0
239,British Airways*,3179760952,4,0,0,6,0,0
240,Cathay Pacific*,2582459303,0,0,0,2,0,0
241,China Airlines,813216487,12,6,535,2,1,225
242,Condor,417982610,2,1,16,0,0,0
243,COPA,550491507,3,1,47,0,0,0
244,Delta / Northwest*,6525658894,24,12,407,24,2,51
245,Egyptair,557699891,8,3,282,4,1,14
246,El Al,335448023,1,1,4,1,0,0
247,Ethiopian Airlines,488560643,25,5,167,5,2,92
248,Finnair,506464950,1,0,0,0,0,0
249,Garuda Indonesia,613356665,10,3,260,4,2,22
250,Gulf Air,301379762,1,0,0,3,1,143
251,Hawaiian Airlines,493877795,0,0,0,1,0,0
252,Iberia,1173203126,4,1,148,5,0,0
253,Japan Airlines,1574217531,3,1,520,0,0,0
254,Kenya Airways,277414794,2,0,0,2,2,283
255,KLM*,1874561773,7,1,3,1,0,0
256,Korean Air,1734522605,12,5,425,1,0,0
257,LAN Airlines,1001965891,3,2,21,0,0,0
258,Lufthansa*,3426529504,6,1,2,3,0,0
259,Malaysia Airlines,1039171244,3,1,34,3,2,537
260,Pakistan International,348563137,8,3,234,10,2,46
261,Philippine Airlines,413007158,7,4,74,2,1,1
262,Qantas*,1917428984,1,0,0,5,0,0
263,Royal Air Maroc,295705339,5,3,51,3,0,0
264,SAS*,682971852,5,0,0,6,1,110
265,Saudi Arabian,859673901,7,2,313,11,0,0
266,Singapore Airlines,2376857805,2,2,6,2,1,83
267,South African,651502442,2,1,159,1,0,0
268,Southwest Airlines,3276525770,1,0,0,8,0,0
269,Sri Lankan / AirLanka,325582976,2,1,14,4,0,0
270,SWISS*,792601299,2,1,229,3,0,0
271,TACA,259373346,3,1,3,1,1,3
272,TAM,1509195646,8,3,98,7,2,188
273,TAP - Air Portugal,619130754,0,0,0,0,0,0
274,Thai Airways,1702802250,8,4,308,2,1,1
275,Turkish Airlines,1946098294,8,3,64,8,2,84
276,United / Continental*,7139291291,19,8,319,14,2,109
277,US Airways / America West*,2455687887,16,7,224,11,2,23
278,Vietna57m Airlines,625084918,7,3,171,1,0,0
279,Virgin Atlantic,1005248585,1,0,0,0,0,0
280,Xiamen Airlines,430462962,9,1,82,2,0,0
281,Aer Lingus,320906734,2,1,1,1,1,1
282,Aeroflot*,1197672318,76,14,128,6,1,88
283,Aerolineas Argentinas,385803648,6,0,0,1,0,0
284,Aeromexico*,596871813,3,1,64,5,0,0
285,Air Canada,1865253802,2,0,0,2,0,0
286,Air France,3004002661,14,4,79,6,2,337
287,Air India*,869253552,2,1,329,4,1,158
288,Air New Zealand*,710174817,3,0,0,5,1,7
289,Alaska Airlines*,965346773,5,0,0,5,1,88
290,Alitalia,698012498,7,2,50,4,0,0
291,All Nippon Airways,1841234177,3,1,1,7,0,0
292,American*,5228357340,21,5,101,17,3,416
293,Austrian Airlines,358239823,1,0,0,1,0,0
294,Avianca,396922563,5,3,323,0,0,0
295,British Airways*,3179760952,4,0,0,6,0,0
296,Cathay Pacific*,2582459303,0,0,0,2,0,0
297,China Airlines,813216487,12,6,535,2,1,225
298,Condor,417982610,2,1,16,0,0,0
299,COPA,550491507,3,1,47,0,0,0
300,Delta / Northwest*,6525658894,24,12,407,24,2,51
301,Egyptair,557699891,8,3,282,4,1,14
302,El Al,335448023,1,1,4,1,0,0
303,Ethiopian Airlines,488560643,25,5,167,5,2,92
304,Finnair,506464950,1,0,0,0,0,0
305,Garuda Indonesia,613356665,10,3,260,4,2,22
306,Gulf Air,301379762,1,0,0,3,1,143
307,Hawaiian Airlines,493877795,0,0,0,1,0,0
308,Iberia,1173203126,4,1,148,5,0,0
309,Japan Airlines,1574217531,3,1,520,0,0,0
310,Kenya Airways,277414794,2,0,0,2,2,283
311,KLM*,1874561773,7,1,3,1,0,0
312,Korean Air,1734522605,12,5,425,1,0,0
313,LAN Airlines,1001965891,3,2,21,0,0,0
314,Lufthansa*,3426529504,6,1,2,3,0,0
315,Malaysia Airlines,1039171244,3,1,34,3,2,537
316,Pakistan International,348563137,8,3,234,10,2,46
317,Philippine Airlines,413007158,7,4,74,2,1,1
318,Qantas*,1917428984,1,0,0,5,0,0
319,Royal Air Maroc,295705339,5,3,51,3,0,0
320,SAS*,682971852,5,0,0,6,1,110
321,Saudi Arabian,859673901,7,2,313,11,0,0
322,Singapore Airlines,2376857805,2,2,6,2,1,83
323,South African,651502442,2,1,159,1,0,0
324,Southwest Airlines,3276525770,1,0,0,8,0,0
325,Sri Lankan / AirLanka,325582976,2,1,14,4,0,0
326,SWISS*,792601299,2,1,229,3,0,0
327,TACA,259373346,3,1,3,1,1,3
328,TAM,1509195646,8,3,98,7,2,188
329,TAP - Air Portugal,619130754,0,0,0,0,0,0
330,Thai Airways,1702802250,8,4,308,2,1,1
331,Turkish Airlines,1946098294,8,3,64,8,2,84
332,United / Continental*,7139291291,19,8,319,14,2,109
333,US Airways / America West*,2455687887,16,7,224,11,2,23
334,Vietna57m Airlines,625084918,7,3,171,1,0,0
335,Virgin Atlantic,1005248585,1,0,0,0,0,0
336,Xiamen Airlines,430462962,9,1,82,2,0,0
337,Aer Lingus,320906734,2,1,1,1,1,1
338,Aeroflot*,1197672318,76,14,128,6,1,88
339,Aerolineas Argentinas,385803648,6,0,0,1,0,0
340,Aeromexico*,596871813,3,1,64,5,0,0
341,Air Canada,1865253802,2,0,0,2,0,0
342,Air France,3004002661,14,4,79,6,2,337
343,Air India*,869253552,2,1,329,4,1,158
344,Air New Zealand*,710174817,3,0,0,5,1,7
345,Alaska Airlines*,965346773,5,0,0,5,1,88
346,Alitalia,698012498,7,2,50,4,0,0
347,All Nippon Airways,1841234177,3,1,1,7,0,0
348,American*,5228357340,21,5,101,17,3,416
349,Austrian Airlines,358239823,1,0,0,1,0,0
350,Avianca,396922563,5,3,323,0,0,0
351,British Airways*,3179760952,4,0,0,6,0,0
352,Cathay Pacific*,2582459303,0,0,0,2,0,0
353,China Airlines,813216487,12,6,535,2,1,225
354,Condor,417982610,2,1,16,0,0,0
355,COPA,550491507,3,1,47,0,0,0
356,Delta / Northwest*,6525658894,24,12,407,24,2,51
357,Egyptair,557699891,8,3,282,4,1,14
358,El Al,335448023,1,1,4,1,0,0
359,Ethiopian Airlines,488560643,25,5,167,5,2,92
360,Finnair,506464950,1,0,0,0,0,0
361,Garuda Indonesia,613356665,10,3,260,4,2,22
362,Gulf Air,301379762,1,0,0,3,1,143
363,Hawaiian Airlines,493877795,0,0,0,1,0,0
364,Iberia,1173203126,4,1,148,5,0,0
365,Japan Airlines,1574217531,3,1,520,0,0,0
366,Kenya Airways,277414794,2,0,0,2,2,283
367,KLM*,1874561773,7,1,3,1,0,0
368,Korean Air,1734522605,12,5,425,1,0,0
369,LAN Airlines,1001965891,3,2,21,0,0,0
370,Lufthansa*,3426529504,6,1,2,3,0,0
371,Malaysia Airlines,1039171244,3,1,34,3,2,537
372,Pakistan International,348563137,8,3,234,10,2,46
373,Philippine Airlines,413007158,7,4,74,2,1,1
374,Qantas*,1917428984,1,0,0,5,0,0
375,Royal Air Maroc,295705339,5,3,51,3,0,0
376,SAS*,682971852,5,0,0,6,1,110
377,Saudi Arabian,859673901,7,2,313,11,0,0
378,Singapore Airlines,2376857805,2,2,6,2,1,83
379,South African,651502442,2,1,159,1,0,0
380,Southwest Airlines,3276525770,1,0,0,8,0,0
381,Sri Lankan / AirLanka,325582976,2,1,14,4,0,0
382,SWISS*,792601299,2,1,229,3,0,0
383,TACA,259373346,3,1,3,1,1,3
384,TAM,1509195646,8,3,98,7,2,188
385,TAP - Air Portugal,619130754,0,0,0,0,0,0
386,Thai Airways,1702802250,8,4,308,2,1,1
387,Turkish Airlines,1946098294,8,3,64,8,2,84
388,United / Continental*,7139291291,19,8,319,14,2,109
389,US Airways / America West*,2455687887,16,7,224,11,2,23
390,Vietna57m Airlines,625084918,7,3,171,1,0,0
391,Virgin Atlantic,1005248585,1,0,0,0,0,0
392,Xiamen Airlines,430462962,9,1,82,2,0,0
393,Aer Lingus,320906734,2,0,0,0,0,0
394,Aeroflot*,1197672318,76,14,128,6,1,88
395,Aerolineas Argentinas,385803648,6,0,0,1,0,0
396,Aeromexico*,596871813,3,1,64,5,0,0
397,Air Canada,1865253802,2,0,0,2,0,0
398,Air France,3004002661,14,4,79,6,2,337
399,Air India*,869253552,2,1,329,4,1,158
400,Air New Zealand*,710174817,3,0,0,5,1,7
401,Alaska Airlines*,965346773,5,0,0,5,1,88
402,Alitalia,698012498,7,2,50,4,0,0
403,All Nippon Airways,1841234177,3,1,1,7,0,0
404,American*,5228357340,21,5,101,17,3,416
405,Austrian Airlines,358239823,1,0,0,1,0,0
406,Avianca,396922563,5,3,323,0,0,0
407,British Airways*,3179760952,4,0,0,6,0,0
408,Cathay Pacific*,2582459303,0,0,0,2,0,0
409,China Airlines,813216487,12,6,535,2,1,225
410,Condor,417982610,2,1,16,0,0,0
411,COPA,550491507,3,1,47,0,0,0
412,Delta / Northwest*,6525658894,24,12,407,24,2,51
413,Egyptair,557699891,8,3,282,4,1,14
414,El Al,335448023,1,1,4,1,0,0
415,Ethiopian Airlines,488560643,25,5,167,5,2,92
416,Finnair,506464950,1,0,0,0,0,0
417,Garuda Indonesia,613356665,10,3,260,4,2,22
418,Gulf Air,301379762,1,0,0,3,1,143
419,Hawaiian Airlines,493877795,0,0,0,1,0,0
420,Iberia,1173203126,4,1,148,5,0,0
421,Japan Airlines,1574217531,3,1,520,0,0,0
422,Kenya Airways,277414794,2,0,0,2,2,283
423,KLM*,1874561773,7,1,3,1,0,0
424,Korean Air,1734522605,12,5,425,1,0,0
425,LAN Airlines,1001965891,3,2,21,0,0,0
426,Lufthansa*,3426529504,6,1,2,3,0,0
427,Malaysia Airlines,1039171244,3,1,34,3,2,537
428,Pakistan International,348563137,8,3,234,10,2,46
429,Philippine Airlines,413007158,7,4,74,2,1,1
430,Qantas*,1917428984,1,0,0,5,0,0
431,Royal Air Maroc,295705339,5,3,51,3,0,0
432,SAS*,682971852,5,0,0,6,1,110
433,Saudi Arabian,859673901,7,2,313,11,0,0
434,Singapore Airlines,2376857805,2,2,6,2,1,83
435,South African,651502442,2,1,159,1,0,0
436,Southwest Airlines,3276525770,1,0,0,8,0,0
437,Sri Lankan / AirLanka,325582976,2,1,14,4,0,0
438,SWISS*,792601299,2,1,229,3,0,0
439,TACA,259373346,3,1,3,1,1,3
440,TAM,1509195646,8,3,98,7,2,188
441,TAP - Air Portugal,619130754,0,0,0,0,0,0
442,Thai Airways,1702802250,8,4,308,2,1,1
443,Turkish Airlines,1946098294,8,3,64,8,2,84
444,United / Continental*,7139291291,19,8,319,14,2,109
445,US Airways / America West*,2455687887,16,7,224,11,2,23
446,Vietna57m Airlines,625084918,7,3,171,1,0,0
447,Virgin Atlantic,1005248585,1,0,0,0,0,0
448,Xiamen Airlines,430462962,9,1,82,2,0,0
449,Aer Lingus,320906734,2,1,1,1,1,1
450,Aeroflot*,1197672318,76,14,128,6,1,88
451,Aerolineas Argentinas,385803648,6,0,0,1,0,0
452,Aeromexico*,596871813,3,1,64,5,0,0
453,Air Canada,1865253802,2,0,0,2,0,0
454,Air France,3004002661,14,4,79,6,2,337
455,Air India*,869253552,2,1,329,4,1,158
456,Air New Zealand*,710174817,3,0,0,5,1,7
457,Alaska Airlines*,965346773,5,0,0,5,1,88
458,Alitalia,698012498,7,2,50,4,0,0
459,All Nippon Airways,1841234177,3,1,1,7,0,0
460,American*,5228357340,21,5,101,17,3,416
461,Austrian Airlines,358239823,1,0,0,1,0,0
462,Avianca,396922563,5,3,323,0,0,0
463,British Airways*,3179760952,4,0,0,6,0,0
464,Cathay Pacific*,2582459303,0,0,0,2,0,0
465,China Airlines,813216487,12,6,535,2,1,225
466,Condor,417982610,2,1,16,0,0,0
467,COPA,550491507,3,1,47,0,0,0
468,Delta / Northwest*,6525658894,24,12,407,24,2,51
469,Egyptair,557699891,8,3,282,4,1,14
470,El Al,335448023,1,1,4,1,0,0
471,Ethiopian Airlines,488560643,25,5,167,5,2,92
472,Finnair,506464950,1,0,0,0,0,0
473,Garuda Indonesia,613356665,10,3,260,4,2,22
474,Gulf Air,301379762,1,0,0,3,1,143
475,Hawaiian Airlines,493877795,0,0,0,1,0,0
476,Iberia,1173203126,4,1,148,5,0,0
477,Japan Airlines,1574217531,3,1,520,0,0,0
478,Kenya Airways,277414794,2,0,0,2,2,283
479,KLM*,1874561773,7,1,3,1,0,0
480,Korean Air,1734522605,12,5,425,1,0,0
481,LAN Airlines,1001965891,3,2,21,0,0,0
482,Lufthansa*,3426529504,6,1,2,3,0,0
483,Malaysia Airlines,1039171244,3,1,34,3,2,537
484,Pakistan International,348563137,8,3,234,10,2,46
485,Philippine Airlines,413007158,7,4,74,2,1,1
486,Qantas*,1917428984,1,0,0,5,0,0
487,Royal Air Maroc,295705339,5,3,51,3,0,0
488,SAS*,682971852,5,0,0,6,1,110
489,Saudi Arabian,859673901,7,2,313,11,0,0
490,Singapore Airlines,2376857805,2,2,6,2,1,83
491,South African,651502442,2,1,159,1,0,0
492,Southwest Airlines,3276525770,1,0,0,8,0,0
493,Sri Lankan / AirLanka,325582976,2,1,14,4,0,0
494,SWISS*,792601299,2,1,229,3,0,0
495,TACA,259373346,3,1,3,1,1,3
496,TAM,1509195646,8,3,98,7,2,188
497,TAP - Air Portugal,619130754,0,0,0,0,0,0
498,Thai Airways,1702802250,8,4,308,2,1,1
499,Turkish Airlines,1946098294,8,3,64,8,2,84
500,United / Continental*,7139291291,19,8,319,14,2,109
501,US Airways / America West*,2455687887,16,7,224,11,2,23
502,Vietna57m Airlines,625084918,7,3,171,1,0,0
503,Virgin Atlantic,1005248585,1,0,0,0,0,0
504,Xiamen Airlines,430462962,9,1,82,2,0,0
505,Aer Lingus,320906734,2,1,1,1,1,1
506,Aeroflot*,1197672318,76,14,128,6,1,88
507,Aerolineas Argentinas,385803648,6,0,0,1,0,0
508,Aeromexico*,596871813,3,1,64,5,0,0
509,Air Canada,1865253802,2,0,0,2,0,0
510,Air France,3004002661,14,4,79,6,2,337
511,Air India*,869253552,2,1,329,4,1,158
512,Air New Zealand*,710174817,3,0,0,5,1,7
513,Alaska Airlines*,965346773,5,0,0,5,1,88
514,Alitalia,698012498,7,2,50,4,0,0
515,All Nippon Airways,1841234177,3,1,1,7,0,0
516,American*,5228357340,21,5,101,17,3,416
517,Austrian Airlines,358239823,1,0,0,1,0,0
518,Avianca,396922563,5,3,323,0,0,0
519,British Airways*,3179760952,4,0,0,6,0,0
520,Cathay Pacific*,2582459303,0,0,0,2,0,0
521,China Airlines,813216487,12,6,535,2,1,225
522,Condor,417982610,2,1,16,0,0,0
523,COPA,550491507,3,1,47,0,0,0
524,Delta / Northwest*,6525658894,24,12,407,24,2,51
525,Egyptair,557699891,8,3,282,4,1,14
526,El Al,335448023,1,1,4,1,0,0
527,Ethiopian Airlines,488560643,25,5,167,5,2,92
528,Finnair,506464950,1,0,0,0,0,0
529,Garuda Indonesia,613356665,10,3,260,4,2,22
530,Gulf Air,301379762,1,0,0,3,1,143
531,Hawaiian Airlines,493877795,0,0,0,1,0,0
532,Iberia,1173203126,4,1,148,5,0,0
533,Japan Airlines,1574217531,3,1,520,0,0,0
534,Kenya Airways,277414794,2,0,0,2,2,283
535,KLM*,1874561773,7,1,3,1,0,0
536,Korean Air,1734522605,12,5,425,1,0,0
537,LAN Airlines,1001965891,3,2,21,0,0,0
538,Lufthansa*,3426529504,6,1,2,3,0,0
539,Malaysia Airlines,1039171244,3,1,34,3,2,537
540,Pakistan International,348563137,8,3,234,10,2,46
541,Philippine Airlines,413007158,7,4,74,2,1,1
542,Qantas*,1917428984,1,0,0,5,0,0
543,Royal Air Maroc,295705339,5,3,51,3,0,0
544,SAS*,682971852,5,0,0,6,1,110
545,Saudi Arabian,859673901,7,2,313,11,0,0
546,Singapore Airlines,2376857805,2,2,6,2,1,83
547,South African,651502442,2,1,159,1,0,0
548,Southwest Airlines,3276525770,1,0,0,8,0,0
549,Sri Lankan / AirLanka,325582976,2,1,14,4,0,0
550,SWISS*,792601299,2,1,229,3,0,0
551,TACA,259373346,3,1,3,1,1,3
552,TAM,1509195646,8,3,98,7,2,188
553,TAP - Air Portugal,619130754,0,0,0,0,0,0
554,Thai Airways,1702802250,8,4,308,2,1,1
555,Turkish Airlines,1946098294,8,3,64,8,2,84
556,United / Continental*,7139291291,19,8,319,14,2,109
557,US Airways / America West*,2455687887,16,7,224,11,2,23
558,Vietna57m Airlines,625084918,7,3,171,1,0,0
559,Virgin Atlantic,1005248585,1,0,0,0,0,0
560,Xiamen Airlines,430462962,9,1,82,2,0,0
561,Aer Lingus,320906734,2,1,1,1,1,1
562,Aeroflot*,1197672318,76,14,128,6,1,88
563,Aerolineas Argentinas,385803648,6,0,0,1,0,0
564,Aeromexico*,596871813,3,1,64,5,0,0
565,Air Canada,1865253802,2,0,0,2,0,0
566,Air France,3004002661,14,4,79,6,2,337
567,Air India*,869253552,2,1,329,4,1,158
568,Air New Zealand*,710174817,3,0,0,5,1,7
569,Alaska Airlines*,965346773,5,0,0,5,1,88
570,Alitalia,698012498,7,2,50,4,0,0
571,All Nippon Airways,1841234177,3,1,1,7,0,0
572,American*,5228357340,21,5,101,17,3,416
573,Austrian Airlines,358239823,1,0,0,1,0,0
574,Avianca,396922563,5,3,323,0,0,0
575,British Airways*,3179760952,4,0,0,6,0,0
576,Cathay Pacific*,2582459303,0,0,0,2,0,0
577,China Airlines,813216487,12,6,535,2,1,225
578,Condor,417982610,2,1,16,0,0,0
579,COPA,550491507,3,1,47,0,0,0
580,Delta / Northwest*,6525658894,24,12,407,24,2,51
581,Egyptair,557699891,8,3,282,4,1,14
582,El Al,335448023,1,1,4,1,0,0
583,Ethiopian Airlines,488560643,25,5,167,5,2,92
584,Finnair,506464950,1,0,0,0,0,0
585,Garuda Indonesia,613356665,10,3,260,4,2,22
586,Gulf Air,301379762,1,0,0,3,1,143
587,Hawaiian Airlines,493877795,0,0,0,1,0,0
588,Iberia,1173203126,4,1,148,5,0,0
589,Japan Airlines,1574217531,3,1,520,0,0,0
590,Kenya Airways,277414794,2,0,0,2,2,283
591,KLM*,1874561773,7,1,3,1,0,0
592,Korean Air,1734522605,12,5,425,1,0,0
593,LAN Airlines,1001965891,3,2,21,0,0,0
594,Lufthansa*,3426529504,6,1,2,3,0,0
595,Malaysia Airlines,1039171244,3,1,34,3,2,537
596,Pakistan International,348563137,8,3,234,10,2,46
597,Philippine Airlines,413007158,7,4,74,2,1,1
598,Qantas*,1917428984,1,0,0,5,0,0
599,Royal Air Maroc,295705339,5,3,51,3,0,0
600,SAS*,682971852,5,0,0,6,1,110
601,Saudi Arabian,859673901,7,2,313,11,0,0
602,Singapore Airlines,2376857805,2,2,6,2,1,83
603,South African,651502442,2,1,159,1,0,0
604,Southwest Airlines,3276525770,1,0,0,8,0,0
605,Sri Lankan / AirLanka,325582976,2,1,14,4,0,0
606,SWISS*,792601299,2,1,229,3,0,0
607,TACA,259373346,3,1,3,1,1,3
608,TAM,1509195646,8,3,98,7,2,188
609,TAP - Air Portugal,619130754,0,0,0,0,0,0
610,Thai Airways,1702802250,8,4,308,2,1,1
611,Turkish Airlines,1946098294,8,3,64,8,2,84
612,United / Continental*,7139291291,19,8,319,14,2,109
613,US Airways / America West*,2455687887,16,7,224,11,2,23
614,Vietna57m Airlines,625084918,7,3,171,1,0,0
615,Virgin Atlantic,1005248585,1,0,0,0,0,0
616,Xiamen Airlines,430462962,9,1,82,2,0,0
617,Aer Lingus,320906734,2,1,1,1,1,1
618,Aeroflot*,1197672318,76,14,128,6,1,88
619,Aerolineas Argentinas,385803648,6,0,0,1,0,0
620,Aeromexico*,596871813,3,1,64,5,0,0
621,Air Canada,1865253802,2,0,0,2,0,0
622,Air France,3004002661,14,4,79,6,2,337
623,Air India*,869253552,2,1,329,4,1,158
624,Air New Zealand*,710174817,3,0,0,5,1,7
625,Alaska Airlines*,965346773,5,0,0,5,1,88
626,Alitalia,698012498,7,2,50,4,0,0
627,All Nippon Airways,1841234177,3,1,1,7,0,0
628,American*,5228357340,21,5,101,17,3,416
629,Austrian Airlines,358239823,1,0,0,1,0,0
630,Avianca,396922563,5,3,323,0,0,0
631,British Airways*,3179760952,4,0,0,6,0,0
632,Cathay Pacific*,2582459303,0,0,0,2,0,0
633,China Airlines,813216487,12,6,535,2,1,225
634,Condor,417982610,2,1,16,0,0,0
635,COPA,550491507,3,1,47,0,0,0
636,Delta / Northwest*,6525658894,24,12,407,24,2,51
637,Egyptair,557699891,8,3,282,4,1,14
638,El Al,335448023,1,1,4,1,0,0
639,Ethiopian Airlines,488560643,25,5,167,5,2,92
640,Finnair,506464950,1,0,0,0,0,0
641,Garuda Indonesia,613356665,10,3,260,4,2,22
642,Gulf Air,301379762,1,0,0,3,1,143
643,Hawaiian Airlines,493877795,0,0,0,1,0,0
644,Iberia,1173203126,4,1,148,5,0,0
645,Japan Airlines,1574217531,3,1,520,0,0,0
646,Kenya Airways,277414794,2,0,0,2,2,283
647,KLM*,1874561773,7,1,3,1,0,0
648,Korean Air,1734522605,12,5,425,1,0,0
649,LAN Airlines,1001965891,3,2,21,0,0,0
650,Lufthansa*,3426529504,6,1,2,3,0,0
651,Malaysia Airlines,1039171244,3,1,34,3,2,537
652,Pakistan International,348563137,8,3,234,10,2,46
653,Philippine Airlines,413007158,7,4,74,2,1,1
654,Qantas*,1917428984,1,0,0,5,0,0
655,Royal Air Maroc,295705339,5,3,51,3,0,0
656,SAS*,682971852,5,0,0,6,1,110
657,Saudi Arabian,859673901,7,2,313,11,0,0
658,Singapore Airlines,2376857805,2,2,6,2,1,83
659,South African,651502442,2,1,159,1,0,0
660,Southwest Airlines,3276525770,1,0,0,8,0,0
661,Sri Lankan / AirLanka,325582976,2,1,14,4,0,0
662,SWISS*,792601299,2,1,229,3,0,0
663,TACA,259373346,3,1,3,1,1,3
664,TAM,1509195646,8,3,98,7,2,188
665,TAP - Air Portugal,619130754,0,0,0,0,0,0
666,Thai Airways,1702802250,8,4,308,2,1,1
667,Turkish Airlines,1946098294,8,3,64,8,2,84
668,United / Continental*,7139291291,19,8,319,14,2,109
669,US Airways / America West*,2455687887,16,7,224,11,2,23
670,Vietna57m Airlines,625084918,7,3,171,1,0,0
671,Virgin Atlantic,1005248585,1,0,0,0,0,0
672,Xiamen Airlines,430462962,9,1,82,2,0,0
673,Aer Lingus,320906734,2,1,1,1,1,1
674,Aeroflot*,1197672318,76,14,128,6,1,88
675,Aerolineas Argentinas,385803648,6,0,0,1,0,0
676,Aeromexico*,596871813,3,1,64,5,0,0
677,Air Canada,1865253802,2,0,0,2,0,0
678,Air France,3004002661,14,4,79,6,2,337
679,Air India*,869253552,2,1,329,4,1,158
680,Air New Zealand*,710174817,3,0,0,5,1,7
681,Alaska Airlines*,965346773,5,0,0,5,1,88
682,Alitalia,698012498,7,2,50,4,0,0
683,All Nippon Airways,1841234177,3,1,1,7,0,0
684,American*,5228357340,21,5,101,17,3,416
685,Austrian Airlines,358239823,1,0,0,1,0,0
686,Avianca,396922563,5,3,323,0,0,0
687,British Airways*,3179760952,4,0,0,6,0,0
688,Cathay Pacific*,2582459303,0,0,0,2,0,0
689,China Airlines,813216487,12,6,535,2,1,225
690,Condor,417982610,2,1,16,0,0,0
691,COPA,550491507,3,1,47,0,0,0
692,Delta / Northwest*,6525658894,24,12,407,24,2,51
693,Egyptair,557699891,8,3,282,4,1,14
694,El Al,335448023,1,1,4,1,0,0
695,Ethiopian Airlines,488560643,25,5,167,5,2,92
696,Finnair,506464950,1,0,0,0,0,0
697,Garuda Indonesia,613356665,10,3,260,4,2,22
698,Gulf Air,301379762,1,0,0,3,1,143
699,Hawaiian Airlines,493877795,0,0,0,1,0,0
700,Iberia,1173203126,4,1,148,5,0,0
701,Japan Airlines,1574217531,3,1,520,0,0,0
702,Kenya Airways,277414794,2,0,0,2,2,283
703,KLM*,1874561773,7,1,3,1,0,0
704,Korean Air,1734522605,12,5,425,1,0,0
705,LAN Airlines,1001965891,3,2,21,0,0,0
706,Lufthansa*,3426529504,6,1,2,3,0,0
707,Malaysia Airlines,1039171244,3,1,34,3,2,537
708,Pakistan International,348563137,8,3,234,10,2,46
709,Philippine Airlines,413007158,7,4,74,2,1,1
710,Qantas*,1917428984,1,0,0,5,0,0
711,Royal Air Maroc,295705339,5,3,51,3,0,0
712,SAS*,682971852,5,0,0,6,1,110
713,Saudi Arabian,859673901,7,2,313,11,0,0
714,Singapore Airlines,2376857805,2,2,6,2,1,83
715,South African,651502442,2,1,159,1,0,0
716,Southwest Airlines,3276525770,1,0,0,8,0,0
717,Sri Lankan / AirLanka,325582976,2,1,14,4,0,0
718,SWISS*,792601299,2,1,229,3,0,0
719,TACA,259373346,3,1,3,1,1,3
720,TAM,1509195646,8,3,98,7,2,188
721,TAP - Air Portugal,619130754,0,0,0,0,0,0
722,Thai Airways,1702802250,8,4,308,2,1,1
723,Turkish Airlines,1946098294,8,3,64,8,2,84
724,United / Continental*,7139291291,19,8,319,14,2,109
725,US Airways / America West*,2455687887,16,7,224,11,2,23
726,Vietna57m Airlines,625084918,7,3,171,1,0,0
727,Virgin Atlantic,1005248585,1,0,0,0,0,0
728,Xiamen Airlines,430462962,9,1,82,2,0,0
729,Aer Lingus,320906734,2,1,1,1,1,1
730,Aeroflot*,1197672318,76,14,128,6,1,88
731,Aerolineas Argentinas,385803648,6,0,0,1,0,0
732,Aeromexico*,596871813,3,1,64,5,0,0
733,Air Canada,1865253802,2,0,0,2,0,0
734,Air France,3004002661,14,4,79,6,2,337
735,Air India*,869253552,2,1,329,4,1,158
736,Air New Zealand*,710174817,3,0,0,5,1,7
737,Alaska Airlines*,965346773,5,0,0,5,1,88
738,Alitalia,698012498,7,2,50,4,0,0
739,All Nippon Airways,1841234177,3,1,1,7,0,0
740,American*,5228357340,21,5,101,17,3,416
741,Austrian Airlines,358239823,1,0,0,1,0,0
742,Avianca,396922563,5,3,323,0,0,0
743,British Airways*,3179760952,4,0,0,6,0,0
744,Cathay Pacific*,2582459303,0,0,0,2,0,0
745,China Airlines,813216487,12,6,535,2,1,225
746,Condor,417982610,2,1,16,0,0,0
747,COPA,550491507,3,1,47,0,0,0
748,Delta / Northwest*,6525658894,24,12,407,24,2,51
749,Egyptair,557699891,8,3,282,4,1,14
750,El Al,335448023,1,1,4,1,0,0
751,Ethiopian Airlines,488560643,25,5,167,5,2,92
752,Finnair,506464950,1,0,0,0,0,0
753,Garuda Indonesia,613356665,10,3,260,4,2,22
754,Gulf Air,301379762,1,0,0,3,1,143
755,Hawaiian Airlines,493877795,0,0,0,1,0,0
756,Iberia,1173203126,4,1,148,5,0,0
757,Japan Airlines,1574217531,3,1,520,0,0,0
758,Kenya Airways,277414794,2,0,0,2,2,283
759,KLM*,1874561773,7,1,3,1,0,0
760,Korean Air,1734522605,12,5,425,1,0,0
761,LAN Airlines,1001965891,3,2,21,0,0,0
762,Lufthansa*,3426529504,6,1,2,3,0,0
763,Malaysia Airlines,1039171244,3,1,34,3,2,537
764,Pakistan International,348563137,8,3,234,10,2,46
765,Philippine Airlines,413007158,7,4,74,2,1,1
766,Qantas*,1917428984,1,0,0,5,0,0
767,Royal Air Maroc,295705339,5,3,51,3,0,0
768,SAS*,682971852,5,0,0,6,1,110
769,Saudi Arabian,859673901,7,2,313,11,0,0
770,Singapore Airlines,2376857805,2,2,6,2,1,83
771,South African,651502442,2,1,159,1,0,0
772,Southwest Airlines,3276525770,1,0,0,8,0,0
773,Sri Lankan / AirLanka,325582976,2,1,14,4,0,0
774,SWISS*,792601299,2,1,229,3,0,0
775,TACA,259373346,3,1,3,1,1,3
776,TAM,1509195646,8,3,98,7,2,188
777,TAP - Air Portugal,619130754,0,0,0,0,0,0
778,Thai Airways,1702802250,8,4,308,2,1,1
779,Turkish Airlines,1946098294,8,3,64,8,2,84
780,United / Continental*,7139291291,19,8,319,14,2,109
781,US Airways / America West*,2455687887,16,7,224,11,2,23
782,Vietna57m Airlines,625084918,7,3,171,1,0,0
783,Virgin Atlantic,1005248585,1,0,0,0,0,0
784,Xiamen Airlines,430462962,9,1,82,2,0,0
785,Aer Lingus,320906734,2,0,0,0,0,0
786,Aeroflot*,1197672318,76,14,128,6,1,88
787,Aerolineas Argentinas,385803648,6,0,0,1,0,0
788,Aeromexico*,596871813,3,1,64,5,0,0
789,Air Canada,1865253802,2,0,0,2,0,0
790,Air France,3004002661,14,4,79,6,2,337
791,Air India*,869253552,2,1,329,4,1,158
792,Air New Zealand*,710174817,3,0,0,5,1,7
793,Alaska Airlines*,965346773,5,0,0,5,1,88
794,Alitalia,698012498,7,2,50,4,0,0
795,All Nippon Airways,1841234177,3,1,1,7,0,0
796,American*,5228357340,21,5,101,17,3,416
797,Austrian Airlines,358239823,1,0,0,1,0,0
798,Avianca,396922563,5,3,323,0,0,0
799,British Airways*,3179760952,4,0,0,6,0,0
800,Cathay Pacific*,2582459303,0,0,0,2,0,0
801,China Airlines,813216487,12,6,535,2,1,225
802,Condor,417982610,2,1,16,0,0,0
803,COPA,550491507,3,1,47,0,0,0
804,Delta / Northwest*,6525658894,24,12,407,24,2,51
805,Egyptair,557699891,8,3,282,4,1,14
806,El Al,335448023,1,1,4,1,0,0
807,Ethiopian Airlines,488560643,25,5,167,5,2,92
808,Finnair,506464950,1,0,0,0,0,0
809,Garuda Indonesia,613356665,10,3,260,4,2,22
810,Gulf Air,301379762,1,0,0,3,1,143
811,Hawaiian Airlines,493877795,0,0,0,1,0,0
812,Iberia,1173203126,4,1,148,5,0,0
813,Japan Airlines,1574217531,3,1,520,0,0,0
814,Kenya Airways,277414794,2,0,0,2,2,283
815,KLM*,1874561773,7,1,3,1,0,0
816,Korean Air,1734522605,12,5,425,1,0,0
817,LAN Airlines,1001965891,3,2,21,0,0,0
818,Lufthansa*,3426529504,6,1,2,3,0,0
819,Malaysia Airlines,1039171244,3,1,34,3,2,537
820,Pakistan International,348563137,8,3,234,10,2,46
821,Philippine Airlines,413007158,7,4,74,2,1,1
822,Qantas*,1917428984,1,0,0,5,0,0
823,Royal Air Maroc,295705339,5,3,51,3,0,0
824,SAS*,682971852,5,0,0,6,1,110
825,Saudi Arabian,859673901,7,2,313,11,0,0
826,Singapore Airlines,2376857805,2,2,6,2,1,83
827,South African,651502442,2,1,159,1,0,0
828,Southwest Airlines,3276525770,1,0,0,8,0,0
829,Sri Lankan / AirLanka,325582976,2,1,14,4,0,0
830,SWISS*,792601299,2,1,229,3,0,0
831,TACA,259373346,3,1,3,1,1,3
832,TAM,1509195646,8,3,98,7,2,188
833,TAP - Air Portugal,619130754,0,0,0,0,0,0
834,Thai Airways,1702802250,8,4,308,2,1,1
835,Turkish Airlines,1946098294,8,3,64,8,2,84
836,United / Continental*,7139291291,19,8,319,14,2,109
837,US Airways / America West*,2455687887,16,7,224,11,2,23
838,Vietna57m Airlines,625084918,7,3,171,1,0,0
839,Virgin Atlantic,1005248585,1,0,0,0,0,0
840,Xiamen Airlines,430462962,9,1,82,2,0,0
841,Aer Lingus,320906734,2,1,1,1,1,1
842,Aeroflot*,1197672318,76,14,128,6,1,88
843,Aerolineas Argentinas,385803648,6,0,0,1,0,0
844,Aeromexico*,596871813,3,1,64,5,0,0
845,Air Canada,1865253802,2,0,0,2,0,0
846,Air France,3004002661,14,4,79,6,2,337
847,Air India*,869253552,2,1,329,4,1,158
848,Air New Zealand*,710174817,3,0,0,5,1,7
849,Alaska Airlines*,965346773,5,0,0,5,1,88
850,Alitalia,698012498,7,2,50,4,0,0
851,All Nippon Airways,1841234177,3,1,1,7,0,0
852,American*,5228357340,21,5,101,17,3,416
853,Austrian Airlines,358239823,1,0,0,1,0,0
854,Avianca,396922563,5,3,323,0,0,0
855,British Airways*,3179760952,4,0,0,6,0,0
856,Cathay Pacific*,2582459303,0,0,0,2,0,0
857,China Airlines,813216487,12,6,535,2,1,225
858,Condor,417982610,2,1,16,0,0,0
859,COPA,550491507,3,1,47,0,0,0
860,Delta / Northwest*,6525658894,24,12,407,24,2,51
861,Egyptair,557699891,8,3,282,4,1,14
862,El Al,335448023,1,1,4,1,0,0
863,Ethiopian Airlines,488560643,25,5,167,5,2,92
864,Finnair,506464950,1,0,0,0,0,0
865,Garuda Indonesia,613356665,10,3,260,4,2,22
866,Gulf Air,301379762,1,0,0,3,1,143
867,Hawaiian Airlines,493877795,0,0,0,1,0,0
868,Iberia,1173203126,4,1,148,5,0,0
869,Japan Airlines,1574217531,3,1,520,0,0,0
870,Kenya Airways,277414794,2,0,0,2,2,283
871,KLM*,1874561773,7,1,3,1,0,0
872,Korean Air,1734522605,12,5,425,1,0,0
873,LAN Airlines,1001965891,3,2,21,0,0,0
874,Lufthansa*,3426529504,6,1,2,3,0,0
875,Malaysia Airlines,1039171244,3,1,34,3,2,537
876,Pakistan International,348563137,8,3,234,10,2,46
877,Philippine Airlines,413007158,7,4,74,2,1,1
878,Qantas*,1917428984,1,0,0,5,0,0
879,Royal Air Maroc,295705339,5,3,51,3,0,0
880,SAS*,682971852,5,0,0,6,1,110
881,Saudi Arabian,859673901,7,2,313,11,0,0
882,Singapore Airlines,2376857805,2,2,6,2,1,83
883,South African,651502442,2,1,159,1,0,0
884,Southwest Airlines,3276525770,1,0,0,8,0,0
885,Sri Lankan / AirLanka,325582976,2,1,14,4,0,0
886,SWISS*,792601299,2,1,229,3,0,0
887,TACA,259373346,3,1,3,1,1,3
888,TAM,1509195646,8,3,98,7,2,188
889,TAP - Air Portugal,619130754,0,0,0,0,0,0
890,Thai Airways,1702802250,8,4,308,2,1,1
891,Turkish Airlines,1946098294,8,3,64,8,2,84
892,United / Continental*,7139291291,19,8,319,14,2,109
893,US Airways / America West*,2455687887,16,7,224,11,2,23
894,Vietna57m Airlines,625084918,7,3,171,1,0,0
895,Virgin Atlantic,1005248585,1,0,0,0,0,0
896,Xiamen Airlines,430462962,9,1,82,2,0,0
897,Aer Lingus,320906734,2,1,1,1,1,1
898,Aeroflot*,1197672318,76,14,128,6,1,88
899,Aerolineas Argentinas,385803648,6,0,0,1,0,0
900,Aeromexico*,596871813,3,1,64,5,0,0
901,Air Canada,1865253802,2,0,0,2,0,0
902,Air France,3004002661,14,4,79,6,2,337
903,Air India*,869253552,2,1,329,4,1,158
904,Air New Zealand*,710174817,3,0,0,5,1,7
905,Alaska Airlines*,965346773,5,0,0,5,1,88
906,Alitalia,698012498,7,2,50,4,0,0
907,All Nippon Airways,1841234177,3,1,1,7,0,0
908,American*,5228357340,21,5,101,17,3,416
909,Austrian Airlines,358239823,1,0,0,1,0,0
910,Avianca,396922563,5,3,323,0,0,0
911,British Airways*,3179760952,4,0,0,6,0,0
912,Cathay Pacific*,2582459303,0,0,0,2,0,0
913,China Airlines,813216487,12,6,535,2,1,225
914,Condor,417982610,2,1,16,0,0,0
915,COPA,550491507,3,1,47,0,0,0
916,Delta / Northwest*,6525658894,24,12,407,24,2,51
917,Egyptair,557699891,8,3,282,4,1,14
918,El Al,335448023,1,1,4,1,0,0
919,Ethiopian Airlines,488560643,25,5,167,5,2,92
920,Finnair,506464950,1,0,0,0,0,0
921,Garuda Indonesia,613356665,10,3,260,4,2,22
922,Gulf Air,301379762,1,0,0,3,1,143
923,Hawaiian Airlines,493877795,0,0,0,1,0,0
924,Iberia,1173203126,4,1,148,5,0,0
925,Japan Airlines,1574217531,3,1,520,0,0,0
926,Kenya Airways,277414794,2,0,0,2,2,283
927,KLM*,1874561773,7,1,3,1,0,0
928,Korean Air,1734522605,12,5,425,1,0,0
929,LAN Airlines,1001965891,3,2,21,0,0,0
930,Lufthansa*,3426529504,6,1,2,3,0,0
931,Malaysia Airlines,1039171244,3,1,34,3,2,537
932,Pakistan International,348563137,8,3,234,10,2,46
933,Philippine Airlines,413007158,7,4,74,2,1,1
934,Qantas*,1917428984,1,0,0,5,0,0
935,Royal Air Maroc,295705339,5,3,51,3,0,0
936,SAS*,682971852,5,0,0,6,1,110
937,Saudi Arabian,859673901,7,2,313,11,0,0
938,Singapore Airlines,2376857805,2,2,6,2,1,83
939,South African,651502442,2,1,159,1,0,0
940,Southwest Airlines,3276525770,1,0,0,8,0,0
941,Sri Lankan / AirLanka,325582976,2,1,14,4,0,0
942,SWISS*,792601299,2,1,229,3,0,0
943,TACA,259373346,3,1,3,1,1,3
944,TAM,1509195646,8,3,98,7,2,188
945,TAP - Air Portugal,619130754,0,0,0,0,0,0
946,Thai Airways,1702802250,8,4,308,2,1,1
947,Turkish Airlines,1946098294,8,3,64,8,2,84
948,United / Continental*,7139291291,19,8,319,14,2,109
949,US Airways / America West*,2455687887,16,7,224,11,2,23
950,Vietna57m Airlines,625084918,7,3,171,1,0,0
951,Virgin Atlantic,1005248585,1,0,0,0,0,0
952,Xiamen Airlines,430462962,9,1,82,2,0,0
953,Aer Lingus,320906734,2,1,1,1,1,1
954,Aeroflot*,1197672318,76,14,128,6,1,88
955,Aerolineas Argentinas,385803648,6,0,0,1,0,0
956,Aeromexico*,596871813,3,1,64,5,0,0
957,Air Canada,1865253802,2,0,0,2,0,0
958,Air France,3004002661,14,4,79,6,2,337
959,Air India*,869253552,2,1,329,4,1,158
960,Air New Zealand*,710174817,3,0,0,5,1,7
961,Alaska Airlines*,965346773,5,0,0,5,1,88
962,Alitalia,698012498,7,2,50,4,0,0
963,All Nippon Airways,1841234177,3,1,1,7,0,0
964,American*,5228357340,21,5,101,17,3,416
965,Austrian Airlines,358239823,1,0,0,1,0,0
966,Avianca,396922563,5,3,323,0,0,0
967,British Airways*,3179760952,4,0,0,6,0,0
968,Cathay Pacific*,2582459303,0,0,0,2,0,0
969,China Airlines,813216487,12,6,535,2,1,225
970,Condor,417982610,2,1,16,0,0,0
971,COPA,550491507,3,1,47,0,0,0
972,Delta / Northwest*,6525658894,24,12,407,24,2,51
973,Egyptair,557699891,8,3,282,4,1,14
974,El Al,335448023,1,1,4,1,0,0
975,Ethiopian Airlines,488560643,25,5,167,5,2,92
976,Finnair,506464950,1,0,0,0,0,0
977,Garuda Indonesia,613356665,10,3,260,4,2,22
978,Gulf Air,301379762,1,0,0,3,1,143
979,Hawaiian Airlines,493877795,0,0,0,1,0,0
980,Iberia,1173203126,4,1,148,5,0,0
981,Japan Airlines,1574217531,3,1,520,0,0,0
982,Kenya Airways,277414794,2,0,0,2,2,283
983,KLM*,1874561773,7,1,3,1,0,0
984,Korean Air,1734522605,12,5,425,1,0,0
985,LAN Airlines,1001965891,3,2,21,0,0,0
986,Lufthansa*,3426529504,6,1,2,3,0,0
987,Malaysia Airlines,1039171244,3,1,34,3,2,537
988,Pakistan International,348563137,8,3,234,10,2,46
989,Philippine Airlines,413007158,7,4,74,2,1,1
990,Qantas*,1917428984,1,0,0,5,0,0
991,Royal Air Maroc,295705339,5,3,51,3,0,0
992,SAS*,682971852,5,0,0,6,1,110
993,Saudi Arabian,859673901,7,2,313,11,0,0
994,Singapore Airlines,2376857805,2,2,6,2,1,83
995,South African,651502442,2,1,159,1,0,0
996,Southwest Airlines,3276525770,1,0,0,8,0,0
997,Sri Lankan / AirLanka,325582976,2,1,14,4,0,0
998,SWISS*,792601299,2,1,229,3,0,0
999,TACA,259373346,3,1,3,1,1,3
1000,TAM,1509195646,8,3,98,7,2,188
1001,TAP - Air Portugal,619130754,0,0,0,0,0,0
1002,Thai Airways,1702802250,8,4,308,2,1,1
1003,Turkish Airlines,1946098294,8,3,64,8,2,84
1004,United / Continental*,7139291291,19,8,319,14,2,109
1005,US Airways / America West*,2455687887,16,7,224,11,2,23
1006,Vietna57m Airlines,625084918,7,3,171,1,0,0
1007,Virgin Atlantic,1005248585,1,0,0,0,0,0
1008,Xiamen Airlines,430462962,9,1,82,2,0,0
1009,Aer Lingus,320906734,2,1,1,1,1,1
1010,Aeroflot*,1197672318,76,14,128,6,1,88
1011,Aerolineas Argentinas,385803648,6,0,0,1,0,0
1012,Aeromexico*,596871813,3,1,64,5,0,0
1013,Air Canada,1865253802,2,0,0,2,0,0
1014,Air France,3004002661,14,4,79,6,2,337
1015,Air India*,869253552,2,1,329,4,1,158
1016,Air New Zealand*,710174817,3,0,0,5,1,7
1017,Alaska Airlines*,965346773,5,0,0,5,1,88
1018,Alitalia,698012498,7,2,50,4,0,0
1019,All Nippon Airways,1841234177,3,1,1,7,0,0
1020,American*,5228357340,21,5,101,17,3,416
1021,Austrian Airlines,358239823,1,0,0,1,0,0
1022,Avianca,396922563,5,3,323,0,0,0
1023,British Airways*,3179760952,4,0,0,6,0,0
1024,Cathay Pacific*,2582459303,0,0,0,2,0,0
1025,China Airlines,813216487,12,6,535,2,1,225
1026,Condor,417982610,2,1,16,0,0,0
1027,COPA,550491507,3,1,47,0,0,0
1028,Delta / Northwest*,6525658894,24,12,407,24,2,51
1029,Egyptair,557699891,8,3,282,4,1,14
1030,El Al,335448023,1,1,4,1,0,0
1031,Ethiopian Airlines,488560643,25,5,167,5,2,92
1032,Finnair,506464950,1,0,0,0,0,0
1033,Garuda Indonesia,613356665,10,3,260,4,2,22
1034,Gulf Air,301379762,1,0,0,3,1,143
1035,Hawaiian Airlines,493877795,0,0,0,1,0,0
1036,Iberia,1173203126,4,1,148,5,0,0
1037,Japan Airlines,1574217531,3,1,520,0,0,0
1038,Kenya Airways,277414794,2,0,0,2,2,283
1039,KLM*,1874561773,7,1,3,1,0,0
1040,Korean Air,1734522605,12,5,425,1,0,0
1041,LAN Airlines,1001965891,3,2,21,0,0,0
1042,Lufthansa*,3426529504,6,1,2,3,0,0
1043,Malaysia Airlines,1039171244,3,1,34,3,2,537
1044,Pakistan International,348563137,8,3,234,10,2,46
1045,Philippine Airlines,413007158,7,4,74,2,1,1
1046,Qantas*,1917428984,1,0,0,5,0,0
1047,Royal Air Maroc,295705339,5,3,51,3,0,0
1048,SAS*,682971852,5,0,0,6,1,110
1049,Saudi Arabian,859673901,7,2,313,11,0,0
1050,Singapore Airlines,2376857805,2,2,6,2,1,83
1051,South African,651502442,2,1,159,1,0,0
1052,Southwest Airlines,3276525770,1,0,0,8,0,0
1053,Sri Lankan / AirLanka,325582976,2,1,14,4,0,0
1054,SWISS*,792601299,2,1,229,3,0,0
1055,TACA,259373346,3,1,3,1,1,3
1056,TAM,1509195646,8,3,98,7,2,188
1057,TAP - Air Portugal,619130754,0,0,0,0,0,0
1058,Thai Airways,1702802250,8,4,308,2,1,1
1059,Turkish Airlines,1946098294,8,3,64,8,2,84
1060,United / Continental*,7139291291,19,8,319,14,2,109
1061,US Airways / America West*,2455687887,16,7,224,11,2,23
1062,Vietna57m Airlines,625084918,7,3,171,1,0,0
1063,Virgin Atlantic,1005248585,1,0,0,0,0,0
1064,Xiamen Airlines,430462962,9,1,82,2,0,0
1065,Aer Lingus,320906734,2,1,1,1,1,1
1066,Aeroflot*,1197672318,76,14,128,6,1,88
1067,Aerolineas Argentinas,385803648,6,0,0,1,0,0
1068,Aeromexico*,596871813,3,1,64,5,0,0
1069,Air Canada,1865253802,2,0,0,2,0,0
1070,Air France,3004002661,14,4,79,6,2,337
1071,Air India*,869253552,2,1,329,4,1,158
1072,Air New Zealand*,710174817,3,0,0,5,1,7
1073,Alaska Airlines*,965346773,5,0,0,5,1,88
1074,Alitalia,698012498,7,2,50,4,0,0
1075,All Nippon Airways,1841234177,3,1,1,7,0,0
1076,American*,5228357340,21,5,101,17,3,416
1077,Austrian Airlines,358239823,1,0,0,1,0,0
1078,Avianca,396922563,5,3,323,0,0,0
1079,British Airways*,3179760952,4,0,0,6,0,0
1080,Cathay Pacific*,2582459303,0,0,0,2,0,0
1081,China Airlines,813216487,12,6,535,2,1,225
1082,Condor,417982610,2,1,16,0,0,0
1083,COPA,550491507,3,1,47,0,0,0
1084,Delta / Northwest*,6525658894,24,12,407,24,2,51
1085,Egyptair,557699891,8,3,282,4,1,14
1086,El Al,335448023,1,1,4,1,0,0
1087,Ethiopian Airlines,488560643,25,5,167,5,2,92
1088,Finnair,506464950,1,0,0,0,0,0
1089,Garuda Indonesia,613356665,10,3,260,4,2,22
1090,Gulf Air,301379762,1,0,0,3,1,143
1091,Hawaiian Airlines,493877795,0,0,0,1,0,0
1092,Iberia,1173203126,4,1,148,5,0,0
1093,Japan Airlines,1574217531,3,1,520,0,0,0
1094,Kenya Airways,277414794,2,0,0,2,2,283
1095,KLM*,1874561773,7,1,3,1,0,0
1096,Korean Air,1734522605,12,5,425,1,0,0
1097,LAN Airlines,1001965891,3,2,21,0,0,0
1098,Lufthansa*,3426529504,6,1,2,3,0,0
1099,Malaysia Airlines,1039171244,3,1,34,3,2,537
1100,Pakistan International,348563137,8,3,234,10,2,46
1101,Philippine Airlines,413007158,7,4,74,2,1,1
1102,Qantas*,1917428984,1,0,0,5,0,0
1103,Royal Air Maroc,295705339,5,3,51,3,0,0
1104,SAS*,682971852,5,0,0,6,1,110
1105,Saudi Arabian,859673901,7,2,313,11,0,0
1106,Singapore Airlines,2376857805,2,2,6,2,1,83
1107,South African,651502442,2,1,159,1,0,0
1108,Southwest Airlines,3276525770,1,0,0,8,0,0
1109,Sri Lankan / AirLanka,325582976,2,1,14,4,0,0
1110,SWISS*,792601299,2,1,229,3,0,0
1111,TACA,259373346,3,1,3,1,1,3
1112,TAM,1509195646,8,3,98,7,2,188
1113,TAP - Air Portugal,619130754,0,0,0,0,0,0
1114,Thai Airways,1702802250,8,4,308,2,1,1
1115,Turkish Airlines,1946098294,8,3,64,8,2,84
1116,United / Continental*,7139291291,19,8,319,14,2,109
1117,US Airways / America West*,2455687887,16,7,224,11,2,23
1118,Vietna57m Airlines,625084918,7,3,171,1,0,0
1119,Virgin Atlantic,1005248585,1,0,0,0,0,0
1120,Xiamen Airlines,430462962,9,1,82,2,0,0
1121,Aer Lingus,320906734,2,1,1,1,1,1
1122,Aeroflot*,1197672318,76,14,128,6,1,88
1123,Aerolineas Argentinas,385803648,6,0,0,1,0,0
1124,Aeromexico*,596871813,3,1,64,5,0,0
1125,Air Canada,1865253802,2,0,0,2,0,0
1126,Air France,3004002661,14,4,79,6,2,337
1127,Air India*,869253552,2,1,329,4,1,158
1128,Air New Zealand*,710174817,3,0,0,5,1,7
1129,Alaska Airlines*,965346773,5,0,0,5,1,88
1130,Alitalia,698012498,7,2,50,4,0,0
1131,All Nippon Airways,1841234177,3,1,1,7,0,0
1132,American*,5228357340,21,5,101,17,3,416
1133,Austrian Airlines,358239823,1,0,0,1,0,0
1134,Avianca,396922563,5,3,323,0,0,0
1135,British Airways*,3179760952,4,0,0,6,0,0
1136,Cathay Pacific*,2582459303,0,0,0,2,0,0
1137,China Airlines,813216487,12,6,535,2,1,225
1138,Condor,417982610,2,1,16,0,0,0
1139,COPA,550491507,3,1,47,0,0,0
1140,Delta / Northwest*,6525658894,24,12,407,24,2,51
1141,Egyptair,557699891,8,3,282,4,1,14
1142,El Al,335448023,1,1,4,1,0,0
1143,Ethiopian Airlines,488560643,25,5,167,5,2,92
1144,Finnair,506464950,1,0,0,0,0,0
1145,Garuda Indonesia,613356665,10,3,260,4,2,22
1146,Gulf Air,301379762,1,0,0,3,1,143
1147,Hawaiian Airlines,493877795,0,0,0,1,0,0
1148,Iberia,1173203126,4,1,148,5,0,0
1149,Japan Airlines,1574217531,3,1,520,0,0,0
1150,Kenya Airways,277414794,2,0,0,2,2,283
1151,KLM*,1874561773,7,1,3,1,0,0
1152,Korean Air,1734522605,12,5,425,1,0,0
1153,LAN Airlines,1001965891,3,2,21,0,0,0
1154,Lufthansa*,3426529504,6,1,2,3,0,0
1155,Malaysia Airlines,1039171244,3,1,34,3,2,537
1156,Pakistan International,348563137,8,3,234,10,2,46
1157,Philippine Airlines,413007158,7,4,74,2,1,1
1158,Qantas*,1917428984,1,0,0,5,0,0
1159,Royal Air Maroc,295705339,5,3,51,3,0,0
1160,SAS*,682971852,5,0,0,6,1,110
1161,Saudi Arabian,859673901,7,2,313,11,0,0
1162,Singapore Airlines,2376857805,2,2,6,2,1,83
1163,South African,651502442,2,1,159,1,0,0
1164,Southwest Airlines,3276525770,1,0,0,8,0,0
1165,Sri Lankan / AirLanka,325582976,2,1,14,4,0,0
1166,SWISS*,792601299,2,1,229,3,0,0
1167,TACA,259373346,3,1,3,1,1,3
1168,TAM,1509195646,8,3,98,7,2,188
1169,TAP - Air Portugal,619130754,0,0,0,0,0,0
1170,Thai Airways,1702802250,8,4,308,2,1,1
1171,Turkish Airlines,1946098294,8,3,64,8,2,84
1172,United / Continental*,7139291291,19,8,319,14,2,109
1173,US Airways / America West*,2455687887,16,7,224,11,2,23
1174,Vietna57m Airlines,625084918,7,3,171,1,0,0
1175,Virgin Atlantic,1005248585,1,0,0,0,0,0
1176,Xiamen Airlines,430462962,9,1,82,2,0,0
1177,Aer Lingus,320906734,2,0,0,0,0,0
1178,Aeroflot*,1197672318,76,14,128,6,1,88
1179,Aerolineas Argentinas,385803648,6,0,0,1,0,0
1180,Aeromexico*,596871813,3,1,64,5,0,0
1181,Air Canada,1865253802,2,0,0,2,0,0
1182,Air France,3004002661,14,4,79,6,2,337
1183,Air India*,869253552,2,1,329,4,1,158
1184,Air New Zealand*,710174817,3,0,0,5,1,7
1185,Alaska Airlines*,965346773,5,0,0,5,1,88
1186,Alitalia,698012498,7,2,50,4,0,0
1187,All Nippon Airways,1841234177,3,1,1,7,0,0
1188,American*,5228357340,21,5,101,17,3,416
1189,Austrian Airlines,358239823,1,0,0,1,0,0
1190,Avianca,396922563,5,3,323,0,0,0
1191,British Airways*,3179760952,4,0,0,6,0,0
1192,Cathay Pacific*,2582459303,0,0,0,2,0,0
1193,China Airlines,813216487,12,6,535,2,1,225
1194,Condor,417982610,2,1,16,0,0,0
1195,COPA,550491507,3,1,47,0,0,0
1196,Delta / Northwest*,6525658894,24,12,407,24,2,51
1197,Egyptair,557699891,8,3,282,4,1,14
1198,El Al,335448023,1,1,4,1,0,0
1199,Ethiopian Airlines,488560643,25,5,167,5,2,92
1200,Finnair,506464950,1,0,0,0,0,0
1201,Garuda Indonesia,613356665,10,3,260,4,2,22
1202,Gulf Air,301379762,1,0,0,3,1,143
1203,Hawaiian Airlines,493877795,0,0,0,1,0,0
1204,Iberia,1173203126,4,1,148,5,0,0
1205,Japan Airlines,1574217531,3,1,520,0,0,0
1206,Kenya Airways,277414794,2,0,0,2,2,283
1207,KLM*,1874561773,7,1,3,1,0,0
1208,Korean Air,1734522605,12,5,425,1,0,0
1209,LAN Airlines,1001965891,3,2,21,0,0,0
1210,Lufthansa*,3426529504,6,1,2,3,0,0
1211,Malaysia Airlines,1039171244,3,1,34,3,2,537
1212,Pakistan International,348563137,8,3,234,10,2,46
1213,Philippine Airlines,413007158,7,4,74,2,1,1
1214,Qantas*,1917428984,1,0,0,5,0,0
1215,Royal Air Maroc,295705339,5,3,51,3,0,0
1216,SAS*,682971852,5,0,0,6,1,110
1217,Saudi Arabian,859673901,7,2,313,11,0,0
1218,Singapore Airlines,2376857805,2,2,6,2,1,83
1219,South African,651502442,2,1,159,1,0,0
1220,Southwest Airlines,3276525770,1,0,0,8,0,0
1221,Sri Lankan / AirLanka,325582976,2,1,14,4,0,0
1222,SWISS*,792601299,2,1,229,3,0,0
1223,TACA,259373346,3,1,3,1,1,3
1224,TAM,1509195646,8,3,98,7,2,188
1225,TAP - Air Portugal,619130754,0,0,0,0,0,0
1226,Thai Airways,1702802250,8,4,308,2,1,1
1227,Turkish Airlines,1946098294,8,3,64,8,2,84
1228,United / Continental*,7139291291,19,8,319,14,2,109
1229,US Airways / America West*,2455687887,16,7,224,11,2,23
1230,Vietna57m Airlines,625084918,7,3,171,1,0,0
1231,Virgin Atlantic,1005248585,1,0,0,0,0,0
1232,Xiamen Airlines,430462962,9,1,82,2,0,0
1233,Aer Lingus,320906734,2,1,1,1,1,1
1234,Aeroflot*,1197672318,76,14,128,6,1,88
1235,Aerolineas Argentinas,385803648,6,0,0,1,0,0
1236,Aeromexico*,596871813,3,1,64,5,0,0
1237,Air Canada,1865253802,2,0,0,2,0,0
1238,Air France,3004002661,14,4,79,6,2,337
1239,Air India*,869253552,2,1,329,4,1,158
1240,Air New Zealand*,710174817,3,0,0,5,1,7
1241,Alaska Airlines*,965346773,5,0,0,5,1,88
1242,Alitalia,698012498,7,2,50,4,0,0
1243,All Nippon Airways,1841234177,3,1,1,7,0,0
1244,American*,5228357340,21,5,101,17,3,416
1245,Austrian Airlines,358239823,1,0,0,1,0,0
1246,Avianca,396922563,5,3,323,0,0,0
1247,British Airways*,3179760952,4,0,0,6,0,0
1248,Cathay Pacific*,2582459303,0,0,0,2,0,0
1249,China Airlines,813216487,12,6,535,2,1,225
1250,Condor,417982610,2,1,16,0,0,0
1251,COPA,550491507,3,1,47,0,0,0
1252,Delta / Northwest*,6525658894,24,12,407,24,2,51
1253,Egyptair,557699891,8,3,282,4,1,14
1254,El Al,335448023,1,1,4,1,0,0
1255,Ethiopian Airlines,488560643,25,5,167,5,2,92
1256,Finnair,506464950,1,0,0,0,0,0
1257,Garuda Indonesia,613356665,10,3,260,4,2,22
1258,Gulf Air,301379762,1,0,0,3,1,143
1259,Hawaiian Airlines,493877795,0,0,0,1,0,0
1260,Iberia,1173203126,4,1,148,5,0,0
1261,Japan Airlines,1574217531,3,1,520,0,0,0
1262,Kenya Airways,277414794,2,0,0,2,2,283
1263,KLM*,1874561773,7,1,3,1,0,0
1264,Korean Air,1734522605,12,5,425,1,0,0
1265,LAN Airlines,1001965891,3,2,21,0,0,0
1266,Lufthansa*,3426529504,6,1,2,3,0,0
1267,Malaysia Airlines,1039171244,3,1,34,3,2,537
1268,Pakistan International,348563137,8,3,234,10,2,46
1269,Philippine Airlines,413007158,7,4,74,2,1,1
1270,Qantas*,1917428984,1,0,0,5,0,0
1271,Royal Air Maroc,295705339,5,3,51,3,0,0
1272,SAS*,682971852,5,0,0,6,1,110
1273,Saudi Arabian,859673901,7,2,313,11,0,0
1274,Singapore Airlines,2376857805,2,2,6,2,1,83
1275,South African,651502442,2,1,159,1,0,0
1276,Southwest Airlines,3276525770,1,0,0,8,0,0
1277,Sri Lankan / AirLanka,325582976,2,1,14,4,0,0
1278,SWISS*,792601299,2,1,229,3,0,0
1279,TACA,259373346,3,1,3,1,1,3
1280,TAM,1509195646,8,3,98,7,2,188
1281,TAP - Air Portugal,619130754,0,0,0,0,0,0
1282,Thai Airways,1702802250,8,4,308,2,1,1
1283,Turkish Airlines,1946098294,8,3,64,8,2,84
1284,United / Continental*,7139291291,19,8,319,14,2,109
1285,US Airways / America West*,2455687887,16,7,224,11,2,23
1286,Vietna57m Airlines,625084918,7,3,171,1,0,0
1287,Virgin Atlantic,1005248585,1,0,0,0,0,0
1288,Xiamen Airlines,430462962,9,1,82,2,0,0
1289,Aer Lingus,320906734,2,1,1,1,1,1
1290,Aeroflot*,1197672318,76,14,128,6,1,88
1291,Aerolineas Argentinas,385803648,6,0,0,1,0,0
1292,Aeromexico*,596871813,3,1,64,5,0,0
1293,Air Canada,1865253802,2,0,0,2,0,0
1294,Air France,3004002661,14,4,79,6,2,337
1295,Air India*,869253552,2,1,329,4,1,158
1296,Air New Zealand*,710174817,3,0,0,5,1,7
1297,Alaska Airlines*,965346773,5,0,0,5,1,88
1298,Alitalia,698012498,7,2,50,4,0,0
1299,All Nippon Airways,1841234177,3,1,1,7,0,0
1300,American*,5228357340,21,5,101,17,3,416
1301,Austrian Airlines,358239823,1,0,0,1,0,0
1302,Avianca,396922563,5,3,323,0,0,0
1303,British Airways*,3179760952,4,0,0,6,0,0
1304,Cathay Pacific*,2582459303,0,0,0,2,0,0
1305,China Airlines,813216487,12,6,535,2,1,225
1306,Condor,417982610,2,1,16,0,0,0
1307,COPA,550491507,3,1,47,0,0,0
1308,Delta / Northwest*,6525658894,24,12,407,24,2,51
1309,Egyptair,557699891,8,3,282,4,1,14
1310,El Al,335448023,1,1,4,1,0,0
1311,Ethiopian Airlines,488560643,25,5,167,5,2,92
1312,Finnair,506464950,1,0,0,0,0,0
1313,Garuda Indonesia,613356665,10,3,260,4,2,22
1314,Gulf Air,301379762,1,0,0,3,1,143
1315,Hawaiian Airlines,493877795,0,0,0,1,0,0
1316,Iberia,1173203126,4,1,148,5,0,0
1317,Japan Airlines,1574217531,3,1,520,0,0,0
1318,Kenya Airways,277414794,2,0,0,2,2,283
1319,KLM*,1874561773,7,1,3,1,0,0
1320,Korean Air,1734522605,12,5,425,1,0,0
1321,LAN Airlines,1001965891,3,2,21,0,0,0
1322,Lufthansa*,3426529504,6,1,2,3,0,0
1323,Malaysia Airlines,1039171244,3,1,34,3,2,537
1324,Pakistan International,348563137,8,3,234,10,2,46
1325,Philippine Airlines,413007158,7,4,74,2,1,1
1326,Qantas*,1917428984,1,0,0,5,0,0
1327,Royal Air Maroc,295705339,5,3,51,3,0,0
1328,SAS*,682971852,5,0,0,6,1,110
1329,Saudi Arabian,859673901,7,2,313,11,0,0
1330,Singapore Airlines,2376857805,2,2,6,2,1,83
1331,South African,651502442,2,1,159,1,0,0
1332,Southwest Airlines,3276525770,1,0,0,8,0,0
1333,Sri Lankan / AirLanka,325582976,2,1,14,4,0,0
1334,SWISS*,792601299,2,1,229,3,0,0
1335,TACA,259373346,3,1,3,1,1,3
1336,TAM,1509195646,8,3,98,7,2,188
1337,TAP - Air Portugal,619130754,0,0,0,0,0,0
1338,Thai Airways,1702802250,8,4,308,2,1,1
1339,Turkish Airlines,1946098294,8,3,64,8,2,84
1340,United / Continental*,7139291291,19,8,319,14,2,109
1341,US Airways / America West*,2455687887,16,7,224,11,2,23
1342,Vietna57m Airlines,625084918,7,3,171,1,0,0
1343,Virgin Atlantic,1005248585,1,0,0,0,0,0
1344,Xiamen Airlines,430462962,9,1,82,2,0,0
1345,Aer Lingus,320906734,2,1,1,1,1,1
1346,Aeroflot*,1197672318,76,14,128,6,1,88
1347,Aerolineas Argentinas,385803648,6,0,0,1,0,0
1348,Aeromexico*,596871813,3,1,64,5,0,0
1349,Air Canada,1865253802,2,0,0,2,0,0
1350,Air France,3004002661,14,4,79,6,2,337
1351,Air India*,869253552,2,1,329,4,1,158
1352,Air New Zealand*,710174817,3,0,0,5,1,7
1353,Alaska Airlines*,965346773,5,0,0,5,1,88
1354,Alitalia,698012498,7,2,50,4,0,0
1355,All Nippon Airways,1841234177,3,1,1,7,0,0
1356,American*,5228357340,21,5,101,17,3,416
1357,Austrian Airlines,358239823,1,0,0,1,0,0
1358,Avianca,396922563,5,3,323,0,0,0
1359,British Airways*,3179760952,4,0,0,6,0,0
1360,Cathay Pacific*,2582459303,0,0,0,2,0,0
1361,China Airlines,813216487,12,6,535,2,1,225
1362,Condor,417982610,2,1,16,0,0,0
1363,COPA,550491507,3,1,47,0,0,0
1364,Delta / Northwest*,6525658894,24,12,407,24,2,51
1365,Egyptair,557699891,8,3,282,4,1,14
1366,El Al,335448023,1,1,4,1,0,0
1367,Ethiopian Airlines,488560643,25,5,167,5,2,92
1368,Finnair,506464950,1,0,0,0,0,0
1369,Garuda Indonesia,613356665,10,3,260,4,2,22
1370,Gulf Air,301379762,1,0,0,3,1,143
1371,Hawaiian Airlines,493877795,0,0,0,1,0,0
1372,Iberia,1173203126,4,1,148,5,0,0
1373,Japan Airlines,1574217531,3,1,520,0,0,0
1374,Kenya Airways,277414794,2,0,0,2,2,283
1375,KLM*,1874561773,7,1,3,1,0,0
1376,Korean Air,1734522605,12,5,425,1,0,0
1377,LAN Airlines,1001965891,3,2,21,0,0,0
1378,Lufthansa*,3426529504,6,1,2,3,0,0
1379,Malaysia Airlines,1039171244,3,1,34,3,2,537
1380,Pakistan International,348563137,8,3,234,10,2,46
1381,Philippine Airlines,413007158,7,4,74,2,1,1
1382,Qantas*,1917428984,1,0,0,5,0,0
1383,Royal Air Maroc,295705339,5,3,51,3,0,0
1384,SAS*,682971852,5,0,0,6,1,110
1385,Saudi Arabian,859673901,7,2,313,11,0,0
1386,Singapore Airlines,2376857805,2,2,6,2,1,83
1387,South African,651502442,2,1,159,1,0,0
1388,Southwest Airlines,3276525770,1,0,0,8,0,0
1389,Sri Lankan / AirLanka,325582976,2,1,14,4,0,0
1390,SWISS*,792601299,2,1,229,3,0,0
1391,TACA,259373346,3,1,3,1,1,3
1392,TAM,1509195646,8,3,98,7,2,188
1393,TAP - Air Portugal,619130754,0,0,0,0,0,0
1394,Thai Airways,1702802250,8,4,308,2,1,1
1395,Turkish Airlines,1946098294,8,3,64,8,2,84
1396,United / Continental*,7139291291,19,8,319,14,2,109
1397,US Airways / America West*,2455687887,16,7,224,11,2,23
1398,Vietna57m Airlines,625084918,7,3,171,1,0,0
1399,Virgin Atlantic,1005248585,1,0,0,0,0,0
1400,Xiamen Airlines,430462962,9,1,82,2,0,0
1401,Aer Lingus,320906734,2,1,1,1,1,1
1402,Aeroflot*,1197672318,76,14,128,6,1,88
1403,Aerolineas Argentinas,385803648,6,0,0,1,0,0
1404,Aeromexico*,596871813,3,1,64,5,0,0
1405,Air Canada,1865253802,2,0,0,2,0,0
1406,Air France,3004002661,14,4,79,6,2,337
1407,Air India*,869253552,2,1,329,4,1,158
1408,Air New Zealand*,710174817,3,0,0,5,1,7
1409,Alaska Airlines*,965346773,5,0,0,5,1,88
1410,Alitalia,698012498,7,2,50,4,0,0
1411,All Nippon Airways,1841234177,3,1,1,7,0,0
1412,American*,5228357340,21,5,101,17,3,416
1413,Austrian Airlines,358239823,1,0,0,1,0,0
1414,Avianca,396922563,5,3,323,0,0,0
1415,British Airways*,3179760952,4,0,0,6,0,0
1416,Cathay Pacific*,2582459303,0,0,0,2,0,0
1417,China Airlines,813216487,12,6,535,2,1,225
1418,Condor,417982610,2,1,16,0,0,0
1419,COPA,550491507,3,1,47,0,0,0
1420,Delta / Northwest*,6525658894,24,12,407,24,2,51
1421,Egyptair,557699891,8,3,282,4,1,14
1422,El Al,335448023,1,1,4,1,0,0
1423,Ethiopian Airlines,488560643,25,5,167,5,2,92
1424,Finnair,506464950,1,0,0,0,0,0
1425,Garuda Indonesia,613356665,10,3,260,4,2,22
1426,Gulf Air,301379762,1,0,0,3,1,143
1427,Hawaiian Airlines,493877795,0,0,0,1,0,0
1428,Iberia,1173203126,4,1,148,5,0,0
1429,Japan Airlines,1574217531,3,1,520,0,0,0
1430,Kenya Airways,277414794,2,0,0,2,2,283
1431,KLM*,1874561773,7,1,3,1,0,0
1432,Korean Air,1734522605,12,5,425,1,0,0
1433,LAN Airlines,1001965891,3,2,21,0,0,0
1434,Lufthansa*,3426529504,6,1,2,3,0,0
1435,Malaysia Airlines,1039171244,3,1,34,3,2,537
1436,Pakistan International,348563137,8,3,234,10,2,46
1437,Philippine Airlines,413007158,7,4,74,2,1,1
1438,Qantas*,1917428984,1,0,0,5,0,0
1439,Royal Air Maroc,295705339,5,3,51,3,0,0
1440,SAS*,682971852,5,0,0,6,1,110
1441,Saudi Arabian,859673901,7,2,313,11,0,0
1442,Singapore Airlines,2376857805,2,2,6,2,1,83
1443,South African,651502442,2,1,159,1,0,0
1444,Southwest Airlines,3276525770,1,0,0,8,0,0
1445,Sri Lankan / AirLanka,325582976,2,1,14,4,0,0
1446,SWISS*,792601299,2,1,229,3,0,0
1447,TACA,259373346,3,1,3,1,1,3
1448,TAM,1509195646,8,3,98,7,2,188
1449,TAP - Air Portugal,619130754,0,0,0,0,0,0
1450,Thai Airways,1702802250,8,4,308,2,1,1
1451,Turkish Airlines,1946098294,8,3,64,8,2,84
1452,United / Continental*,7139291291,19,8,319,14,2,109
1453,US Airways / America West*,2455687887,16,7,224,11,2,23
1454,Vietna57m Airlines,625084918,7,3,171,1,0,0
1455,Virgin Atlantic,1005248585,1,0,0,0,0,0
1456,Xiamen Airlines,430462962,9,1,82,2,0,0
1457,Aer Lingus,320906734,2,1,1,1,1,1
1458,Aeroflot*,1197672318,76,14,128,6,1,88
1459,Aerolineas Argentinas,385803648,6,0,0,1,0,0
1460,Aeromexico*,596871813,3,1,64,5,0,0
1461,Air Canada,1865253802,2,0,0,2,0,0
1462,Air France,3004002661,14,4,79,6,2,337
1463,Air India*,869253552,2,1,329,4,1,158
1464,Air New Zealand*,710174817,3,0,0,5,1,7
1465,Alaska Airlines*,965346773,5,0,0,5,1,88
1466,Alitalia,698012498,7,2,50,4,0,0
1467,All Nippon Airways,1841234177,3,1,1,7,0,0
1468,American*,5228357340,21,5,101,17,3,416
1469,Austrian Airlines,358239823,1,0,0,1,0,0
1470,Avianca,396922563,5,3,323,0,0,0
1471,British Airways*,3179760952,4,0,0,6,0,0
1472,Cathay Pacific*,2582459303,0,0,0,2,0,0
1473,China Airlines,813216487,12,6,535,2,1,225
1474,Condor,417982610,2,1,16,0,0,0
1475,COPA,550491507,3,1,47,0,0,0
1476,Delta / Northwest*,6525658894,24,12,407,24,2,51
1477,Egyptair,557699891,8,3,282,4,1,14
1478,El Al,335448023,1,1,4,1,0,0
1479,Ethiopian Airlines,488560643,25,5,167,5,2,92
1480,Finnair,506464950,1,0,0,0,0,0
1481,Garuda Indonesia,613356665,10,3,260,4,2,22
1482,Gulf Air,301379762,1,0,0,3,1,143
1483,Hawaiian Airlines,493877795,0,0,0,1,0,0
1484,Iberia,1173203126,4,1,148,5,0,0
1485,Japan Airlines,1574217531,3,1,520,0,0,0
1486,Kenya Airways,277414794,2,0,0,2,2,283
1487,KLM*,1874561773,7,1,3,1,0,0
1488,Korean Air,1734522605,12,5,425,1,0,0
1489,LAN Airlines,1001965891,3,2,21,0,0,0
1490,Lufthansa*,3426529504,6,1,2,3,0,0
1491,Malaysia Airlines,1039171244,3,1,34,3,2,537
1492,Pakistan International,348563137,8,3,234,10,2,46
1493,Philippine Airlines,413007158,7,4,74,2,1,1
1494,Qantas*,1917428984,1,0,0,5,0,0
1495,Royal Air Maroc,295705339,5,3,51,3,0,0
1496,SAS*,682971852,5,0,0,6,1,110
1497,Saudi Arabian,859673901,7,2,313,11,0,0
1498,Singapore Airlines,2376857805,2,2,6,2,1,83
1499,South African,651502442,2,1,159,1,0,0
1500,Southwest Airlines,3276525770,1,0,0,8,0,0
1501,Sri Lankan / AirLanka,325582976,2,1,14,4,0,0
1502,SWISS*,792601299,2,1,229,3,0,0
1503,TACA,259373346,3,1,3,1,1,3
1504,TAM,1509195646,8,3,98,7,2,188
1505,TAP - Air Portugal,619130754,0,0,0,0,0,0
1506,Thai Airways,1702802250,8,4,308,2,1,1
1507,Turkish Airlines,1946098294,8,3,64,8,2,84
1508,United / Continental*,7139291291,19,8,319,14,2,109
1509,US Airways / America West*,2455687887,16,7,224,11,2,23
1510,Vietna57m Airlines,625084918,7,3,171,1,0,0
1511,Virgin Atlantic,1005248585,1,0,0,0,0,0
1512,Xiamen Airlines,430462962,9,1,82,2,0,0
1513,Aer Lingus,320906734,2,1,1,1,1,1
1514,Aeroflot*,1197672318,76,14,128,6,1,88
1515,Aerolineas Argentinas,385803648,6,0,0,1,0,0
1516,Aeromexico*,596871813,3,1,64,5,0,0
1517,Air Canada,1865253802,2,0,0,2,0,0
1518,Air France,3004002661,14,4,79,6,2,337
1519,Air India*,869253552,2,1,329,4,1,158
1520,Air New Zealand*,710174817,3,0,0,5,1,7
1521,Alaska Airlines*,965346773,5,0,0,5,1,88
1522,Alitalia,698012498,7,2,50,4,0,0
1523,All Nippon Airways,1841234177,3,1,1,7,0,0
1524,American*,5228357340,21,5,101,17,3,416
1525,Austrian Airlines,358239823,1,0,0,1,0,0
1526,Avianca,396922563,5,3,323,0,0,0
1527,British Airways*,3179760952,4,0,0,6,0,0
1528,Cathay Pacific*,2582459303,0,0,0,2,0,0
1529,China Airlines,813216487,12,6,535,2,1,225
1530,Condor,417982610,2,1,16,0,0,0
1531,COPA,550491507,3,1,47,0,0,0
1532,Delta / Northwest*,6525658894,24,12,407,24,2,51
1533,Egyptair,557699891,8,3,282,4,1,14
1534,El Al,335448023,1,1,4,1,0,0
1535,Ethiopian Airlines,488560643,25,5,167,5,2,92
1536,Finnair,506464950,1,0,0,0,0,0
1537,Garuda Indonesia,613356665,10,3,260,4,2,22
1538,Gulf Air,301379762,1,0,0,3,1,143
1539,Hawaiian Airlines,493877795,0,0,0,1,0,0
1540,Iberia,1173203126,4,1,148,5,0,0
1541,Japan Airlines,1574217531,3,1,520,0,0,0
1542,Kenya Airways,277414794,2,0,0,2,2,283
1543,KLM*,1874561773,7,1,3,1,0,0
1544,Korean Air,1734522605,12,5,425,1,0,0
1545,LAN Airlines,1001965891,3,2,21,0,0,0
1546,Lufthansa*,3426529504,6,1,2,3,0,0
1547,Malaysia Airlines,1039171244,3,1,34,3,2,537
1548,Pakistan International,348563137,8,3,234,10,2,46
1549,Philippine Airlines,413007158,7,4,74,2,1,1
1550,Qantas*,1917428984,1,0,0,5,0,0
1551,Royal Air Maroc,295705339,5,3,51,3,0,0
1552,SAS*,682971852,5,0,0,6,1,110
1553,Saudi Arabian,859673901,7,2,313,11,0,0
1554,Singapore Airlines,2376857805,2,2,6,2,1,83
1555,South African,651502442,2,1,159,1,0,0
1556,Southwest Airlines,3276525770,1,0,0,8,0,0
1557,Sri Lankan / AirLanka,325582976,2,1,14,4,0,0
1558,SWISS*,792601299,2,1,229,3,0,0
1559,TACA,259373346,3,1,3,1,1,3
1560,TAM,1509195646,8,3,98,7,2,188
1561,TAP - Air Portugal,619130754,0,0,0,0,0,0
1562,Thai Airways,1702802250,8,4,308,2,1,1
1563,Turkish Airlines,1946098294,8,3,64,8,2,84
1564,United / Continental*,7139291291,19,8,319,14,2,109
1565,US Airways / America West*,2455687887,16,7,224,11,2,23
1566,Vietna57m Airlines,625084918,7,3,171,1,0,0
1567,Virgin Atlantic,1005248585,1,0,0,0,0,0
1568,Xiamen Airlines,430462962,9,1,82,2,0,0
